{
  "best_epoch": 4,
  "peak_cpu_memory_MB": 1516.488,
  "training_duration": "00:16:59",
  "training_start_epoch": 0,
  "training_epochs": 4,
  "epoch": 4,
  "training_accuracy": 0.45131086142322097,
  "training_precision": 0.470954356846473,
  "training_recall": 0.2078754578754579,
  "training_f1_measure": 0.28843710292244795,
  "training_loss": 1.277571431259984,
  "training_cpu_memory_MB": 1516.488,
  "validation_accuracy": 0.4287011807447775,
  "validation_precision": 0.3,
  "validation_recall": 0.04316546762589928,
  "validation_f1_measure": 0.07547169811318556,
  "validation_loss": 1.3057676945413863,
  "best_validation_accuracy": 0.4287011807447775,
  "best_validation_precision": 0.3,
  "best_validation_recall": 0.04316546762589928,
  "best_validation_f1_measure": 0.07547169811318556,
  "best_validation_loss": 1.3057676945413863
}