{
  "best_epoch": 2,
  "peak_cpu_memory_MB": 1504.82,
  "training_duration": "00:10:14",
  "training_start_epoch": 0,
  "training_epochs": 2,
  "epoch": 2,
  "training_accuracy": 0.41198501872659177,
  "training_precision": 0.4174757281553398,
  "training_recall": 0.07875457875457875,
  "training_f1_measure": 0.1325115562403431,
  "training_loss": 1.345189249024409,
  "training_cpu_memory_MB": 1504.82,
  "validation_accuracy": 0.4187102633969119,
  "validation_precision": 0.3333333333333333,
  "validation_recall": 0.15827338129496402,
  "validation_f1_measure": 0.21463414634141975,
  "validation_loss": 1.3118048395429338,
  "best_validation_accuracy": 0.4187102633969119,
  "best_validation_precision": 0.3333333333333333,
  "best_validation_recall": 0.15827338129496402,
  "best_validation_f1_measure": 0.21463414634141975,
  "best_validation_loss": 1.3118048395429338
}