{
  "best_epoch": 5,
  "peak_cpu_memory_MB": 1519.92,
  "training_duration": "00:20:21",
  "training_start_epoch": 0,
  "training_epochs": 5,
  "epoch": 5,
  "training_accuracy": 0.46477059925093633,
  "training_precision": 0.47766990291262135,
  "training_recall": 0.22527472527472528,
  "training_f1_measure": 0.3061605476041879,
  "training_loss": 1.2342154008618902,
  "training_cpu_memory_MB": 1519.92,
  "validation_accuracy": 0.44686648501362397,
  "validation_precision": 0.34513274336283184,
  "validation_recall": 0.2805755395683453,
  "validation_f1_measure": 0.3095238095237601,
  "validation_loss": 1.2971895115716117,
  "best_validation_accuracy": 0.44686648501362397,
  "best_validation_precision": 0.34513274336283184,
  "best_validation_recall": 0.2805755395683453,
  "best_validation_f1_measure": 0.3095238095237601,
  "best_validation_loss": 1.2971895115716117
}