{
  "best_epoch": 5,
  "peak_cpu_memory_MB": 1521.468,
  "training_duration": "00:28:28",
  "training_start_epoch": 0,
  "training_epochs": 7,
  "epoch": 7,
  "training_accuracy": 0.49566947565543074,
  "training_precision": 0.4855403348554033,
  "training_recall": 0.29212454212454214,
  "training_f1_measure": 0.36477987421378955,
  "training_loss": 1.1737533705064866,
  "training_cpu_memory_MB": 1521.468,
  "validation_accuracy": 0.43415077202543145,
  "validation_precision": 0.3486238532110092,
  "validation_recall": 0.2733812949640288,
  "validation_f1_measure": 0.3064516129031766,
  "validation_loss": 1.298448133468628,
  "best_validation_accuracy": 0.44686648501362397,
  "best_validation_precision": 0.34513274336283184,
  "best_validation_recall": 0.2805755395683453,
  "best_validation_f1_measure": 0.3095238095237601,
  "best_validation_loss": 1.2971895115716117
}