{
  "best_epoch": 5,
  "peak_cpu_memory_MB": 1521.468,
  "training_duration": "00:24:24",
  "training_start_epoch": 0,
  "training_epochs": 6,
  "epoch": 6,
  "training_accuracy": 0.4845505617977528,
  "training_precision": 0.5193929173693086,
  "training_recall": 0.28205128205128205,
  "training_f1_measure": 0.3655786350147912,
  "training_loss": 1.2050660033797505,
  "training_cpu_memory_MB": 1521.468,
  "validation_accuracy": 0.444141689373297,
  "validation_precision": 0.37383177570093457,
  "validation_recall": 0.28776978417266186,
  "validation_f1_measure": 0.3252032520324711,
  "validation_loss": 1.3066132528441292,
  "best_validation_accuracy": 0.44686648501362397,
  "best_validation_precision": 0.34513274336283184,
  "best_validation_recall": 0.2805755395683453,
  "best_validation_f1_measure": 0.3095238095237601,
  "best_validation_loss": 1.2971895115716117
}