{
  "best_epoch": 5,
  "peak_cpu_memory_MB": 1521.468,
  "training_duration": "00:32:17",
  "training_start_epoch": 0,
  "training_epochs": 8,
  "epoch": 8,
  "training_accuracy": 0.5214185393258427,
  "training_precision": 0.5328767123287671,
  "training_recall": 0.35622710622710624,
  "training_f1_measure": 0.4270032930844745,
  "training_loss": 1.1335963077759474,
  "training_cpu_memory_MB": 1521.468,
  "validation_accuracy": 0.4250681198910082,
  "validation_precision": 0.375,
  "validation_recall": 0.23741007194244604,
  "validation_f1_measure": 0.2907488986783666,
  "validation_loss": 1.3451444676944189,
  "best_validation_accuracy": 0.44686648501362397,
  "best_validation_precision": 0.34513274336283184,
  "best_validation_recall": 0.2805755395683453,
  "best_validation_f1_measure": 0.3095238095237601,
  "best_validation_loss": 1.2971895115716117
}