{
  "best_epoch": 0,
  "peak_cpu_memory_MB": 413.004,
  "training_duration": "00:03:27",
  "training_start_epoch": 0,
  "training_epochs": 0,
  "epoch": 0,
  "training_accuracy": 0.34421816479400746,
  "training_precision": 0.3333333333333333,
  "training_recall": 0.0027472527472527475,
  "training_f1_measure": 0.0054495912806523305,
  "training_loss": 1.4755394985613306,
  "training_cpu_memory_MB": 413.004,
  "validation_accuracy": 0.3996366939146231,
  "validation_precision": 0.0,
  "validation_recall": 0.0,
  "validation_f1_measure": 0.0,
  "validation_loss": 1.3567649977547782,
  "best_validation_accuracy": 0.3996366939146231,
  "best_validation_precision": 0.0,
  "best_validation_recall": 0.0,
  "best_validation_f1_measure": 0.0,
  "best_validation_loss": 1.3567649977547782
}