{
  "best_epoch": 3,
  "peak_cpu_memory_MB": 1516.488,
  "training_duration": "00:13:39",
  "training_start_epoch": 0,
  "training_epochs": 3,
  "epoch": 3,
  "training_accuracy": 0.43551029962546817,
  "training_precision": 0.46,
  "training_recall": 0.18956043956043955,
  "training_f1_measure": 0.26848249027233223,
  "training_loss": 1.3054811539274922,
  "training_cpu_memory_MB": 1516.488,
  "validation_accuracy": 0.41689373297002724,
  "validation_precision": 0.3218390804597701,
  "validation_recall": 0.2014388489208633,
  "validation_f1_measure": 0.24778761061942167,
  "validation_loss": 1.3080696037837438,
  "best_validation_accuracy": 0.41689373297002724,
  "best_validation_precision": 0.3218390804597701,
  "best_validation_recall": 0.2014388489208633,
  "best_validation_f1_measure": 0.24778761061942167,
  "best_validation_loss": 1.3080696037837438
}