{
  "best_epoch": 1,
  "peak_cpu_memory_MB": 1454.724,
  "training_duration": "00:06:51",
  "training_start_epoch": 0,
  "training_epochs": 1,
  "epoch": 1,
  "training_accuracy": 0.40191947565543074,
  "training_precision": 0.45588235294117646,
  "training_recall": 0.028388278388278388,
  "training_f1_measure": 0.05344827586205793,
  "training_loss": 1.382000277997849,
  "training_cpu_memory_MB": 1454.724,
  "validation_accuracy": 0.42779291553133514,
  "validation_precision": 0.3333333333333333,
  "validation_recall": 0.007194244604316547,
  "validation_f1_measure": 0.014084507042249386,
  "validation_loss": 1.3146631411143712,
  "best_validation_accuracy": 0.42779291553133514,
  "best_validation_precision": 0.3333333333333333,
  "best_validation_recall": 0.007194244604316547,
  "best_validation_f1_measure": 0.014084507042249386,
  "best_validation_loss": 1.3146631411143712
}