{
  "best_epoch": 4,
  "peak_cpu_memory_MB": 3151.584,
  "training_duration": "00:17:32",
  "training_start_epoch": 0,
  "training_epochs": 4,
  "epoch": 4,
  "training_accuracy": 0.4226357677902622,
  "training_precision": 0.4742547425474255,
  "training_recall": 0.16025641025641027,
  "training_f1_measure": 0.23956194387402113,
  "training_loss": 1.320605044934287,
  "training_cpu_memory_MB": 3151.584,
  "validation_accuracy": 0.4223433242506812,
  "validation_precision": 0.3333333333333333,
  "validation_recall": 0.18705035971223022,
  "validation_f1_measure": 0.2396313364054839,
  "validation_loss": 1.315902140405443,
  "best_validation_accuracy": 0.4223433242506812,
  "best_validation_precision": 0.3333333333333333,
  "best_validation_recall": 0.18705035971223022,
  "best_validation_f1_measure": 0.2396313364054839,
  "best_validation_loss": 1.315902140405443
}