{
  "best_epoch": 3,
  "peak_cpu_memory_MB": 3151.584,
  "training_duration": "00:14:02",
  "training_start_epoch": 0,
  "training_epochs": 3,
  "epoch": 3,
  "training_accuracy": 0.4092930711610487,
  "training_precision": 0.4690265486725664,
  "training_recall": 0.09706959706959707,
  "training_f1_measure": 0.16084977238236914,
  "training_loss": 1.3538768362643114,
  "training_cpu_memory_MB": 3151.584,
  "validation_accuracy": 0.41326067211625794,
  "validation_precision": 0.2857142857142857,
  "validation_recall": 0.12949640287769784,
  "validation_f1_measure": 0.17821782178213533,
  "validation_loss": 1.3309982087877061,
  "best_validation_accuracy": 0.41326067211625794,
  "best_validation_precision": 0.2857142857142857,
  "best_validation_recall": 0.12949640287769784,
  "best_validation_f1_measure": 0.17821782178213533,
  "best_validation_loss": 1.3309982087877061
}