{
  "best_epoch": 2,
  "peak_cpu_memory_MB": 3151.584,
  "training_duration": "00:10:33",
  "training_start_epoch": 0,
  "training_epochs": 2,
  "epoch": 2,
  "training_accuracy": 0.3899812734082397,
  "training_precision": 0.3385416666666667,
  "training_recall": 0.05952380952380952,
  "training_f1_measure": 0.10124610591897769,
  "training_loss": 1.3814795586600233,
  "training_cpu_memory_MB": 3151.584,
  "validation_accuracy": 0.4069028156221617,
  "validation_precision": 0.0,
  "validation_recall": 0.0,
  "validation_f1_measure": 0.0,
  "validation_loss": 1.3347622288597956,
  "best_validation_accuracy": 0.4069028156221617,
  "best_validation_precision": 0.0,
  "best_validation_recall": 0.0,
  "best_validation_f1_measure": 0.0,
  "best_validation_loss": 1.3347622288597956
}