{
  "best_epoch": 0,
  "peak_cpu_memory_MB": 413.032,
  "training_duration": "00:03:32",
  "training_start_epoch": 0,
  "training_epochs": 0,
  "epoch": 0,
  "training_accuracy": 0.3128511235955056,
  "training_precision": 1.0,
  "training_recall": 0.0009157509157509158,
  "training_f1_measure": 0.0018298261665139984,
  "training_loss": 1.5307197908856975,
  "training_cpu_memory_MB": 413.032,
  "validation_accuracy": 0.3569482288828338,
  "validation_precision": 0.0,
  "validation_recall": 0.0,
  "validation_f1_measure": 0.0,
  "validation_loss": 1.4534316195382013,
  "best_validation_accuracy": 0.3569482288828338,
  "best_validation_precision": 0.0,
  "best_validation_recall": 0.0,
  "best_validation_f1_measure": 0.0,
  "best_validation_loss": 1.4534316195382013
}