{
  "best_epoch": 1,
  "peak_cpu_memory_MB": 413.652,
  "training_duration": "00:00:56",
  "training_start_epoch": 0,
  "training_epochs": 2,
  "epoch": 2,
  "training_accuracy": 0.672752808988764,
  "training_precision": 0.6933085501858736,
  "training_recall": 0.6831501831501832,
  "training_f1_measure": 0.6881918819187692,
  "training_loss": 0.8069212634241982,
  "training_cpu_memory_MB": 413.652,
  "validation_accuracy": 0.35967302452316074,
  "validation_precision": 0.287292817679558,
  "validation_recall": 0.37410071942446044,
  "validation_f1_measure": 0.3249999999999508,
  "validation_loss": 1.6936360665730068,
  "best_validation_accuracy": 0.3823796548592189,
  "best_validation_precision": 0.36619718309859156,
  "best_validation_recall": 0.18705035971223022,
  "best_validation_f1_measure": 0.24761904761900283,
  "best_validation_loss": 1.3921872070857457
}