{
  "best_epoch": 1,
  "peak_cpu_memory_MB": 413.9,
  "training_duration": "00:01:15",
  "training_start_epoch": 0,
  "training_epochs": 3,
  "epoch": 3,
  "training_accuracy": 0.8353230337078652,
  "training_precision": 0.8292461398728429,
  "training_recall": 0.8360805860805861,
  "training_f1_measure": 0.8326493388052396,
  "training_loss": 0.4602067807640476,
  "training_cpu_memory_MB": 413.9,
  "validation_accuracy": 0.34877384196185285,
  "validation_precision": 0.297029702970297,
  "validation_recall": 0.2158273381294964,
  "validation_f1_measure": 0.24999999999995118,
  "validation_loss": 2.1215831007276265,
  "best_validation_accuracy": 0.3823796548592189,
  "best_validation_precision": 0.36619718309859156,
  "best_validation_recall": 0.18705035971223022,
  "best_validation_f1_measure": 0.24761904761900283,
  "best_validation_loss": 1.3921872070857457
}