{
  "best_epoch": 1,
  "peak_cpu_memory_MB": 414.78,
  "training_duration": "00:01:33",
  "training_start_epoch": 0,
  "training_epochs": 4,
  "epoch": 4,
  "training_accuracy": 0.9137406367041199,
  "training_precision": 0.9124886052871468,
  "training_recall": 0.9166666666666666,
  "training_f1_measure": 0.9145728643215582,
  "training_loss": 0.25677518708429087,
  "training_cpu_memory_MB": 414.78,
  "validation_accuracy": 0.36603088101725706,
  "validation_precision": 0.3108108108108108,
  "validation_recall": 0.16546762589928057,
  "validation_f1_measure": 0.21596244131450865,
  "validation_loss": 2.594063837187631,
  "best_validation_accuracy": 0.3823796548592189,
  "best_validation_precision": 0.36619718309859156,
  "best_validation_recall": 0.18705035971223022,
  "best_validation_f1_measure": 0.24761904761900283,
  "best_validation_loss": 1.3921872070857457
}