{
  "best_epoch": 1,
  "peak_cpu_memory_MB": 412.432,
  "training_duration": "00:00:37",
  "training_start_epoch": 0,
  "training_epochs": 1,
  "epoch": 1,
  "training_accuracy": 0.4681647940074906,
  "training_precision": 0.4448,
  "training_recall": 0.25457875457875456,
  "training_f1_measure": 0.3238206173558069,
  "training_loss": 1.240076067742337,
  "training_cpu_memory_MB": 412.432,
  "validation_accuracy": 0.3823796548592189,
  "validation_precision": 0.36619718309859156,
  "validation_recall": 0.18705035971223022,
  "validation_f1_measure": 0.24761904761900283,
  "validation_loss": 1.3921872070857457,
  "best_validation_accuracy": 0.3823796548592189,
  "best_validation_precision": 0.36619718309859156,
  "best_validation_recall": 0.18705035971223022,
  "best_validation_f1_measure": 0.24761904761900283,
  "best_validation_loss": 1.3921872070857457
}