{
  "best_epoch": 1,
  "peak_cpu_memory_MB": 415.336,
  "training_duration": "00:01:52",
  "training_start_epoch": 0,
  "training_epochs": 5,
  "epoch": 5,
  "training_accuracy": 0.9497893258426966,
  "training_precision": 0.9493554327808471,
  "training_recall": 0.9441391941391941,
  "training_f1_measure": 0.9467401285582604,
  "training_loss": 0.15743380592445308,
  "training_cpu_memory_MB": 415.336,
  "validation_accuracy": 0.3569482288828338,
  "validation_precision": 0.30952380952380953,
  "validation_recall": 0.2805755395683453,
  "validation_f1_measure": 0.29433962264145946,
  "validation_loss": 3.099812136377607,
  "best_validation_accuracy": 0.3823796548592189,
  "best_validation_precision": 0.36619718309859156,
  "best_validation_recall": 0.18705035971223022,
  "best_validation_f1_measure": 0.24761904761900283,
  "best_validation_loss": 1.3921872070857457
}